window_id,block_start,block_end,mev_intensity,mev_regime,modularity,spectral_gap,eff_connectivity,avg_path_length,giant_component_pct,avg_eff_resistance,volatility,gas_price_gwei,volume_usd_m,active_pools,nodes,edges,avg_slippage_pct,avg_route_hops,failed_routes_pct,median_exec_cost_usd,hhi_builders,data_source
0,21700000,21710000,0.2763723072992012,medium,0.21376352278682803,0.17831572441284985,1.0,2.404570201671651,1.0,0.0,0.03138342258989035,4.6976909522,387.43097107325036,203,162,180,0.4816989943688038,2.5465593129361244,0.0,25.895013098397655,0.2696904353123134,real
1,21710000,21720000,0.6043833660281368,high,0.21962275035136836,0.16046495095966934,1.0,2.404570201671651,1.0,0.0,0.03236237045584633,9.8690197826,387.43097107325036,203,162,180,0.4866793377986631,2.5465593129361244,0.0,26.126557813354697,0.36055382322403984,real
2,21720000,21730000,0.6150924817999619,high,0.2366829770503266,0.1637049714238191,1.0,2.404570201671651,1.0,0.0,0.03224874131136464,3.9007199408000006,387.43097107325036,203,162,180,0.5011805304927776,2.5465593129361244,0.0,26.80074315341883,0.41855052859417846,real
3,21730000,21740000,0.5297272410750778,high,0.22150872957302198,0.1600522761326549,1.0,2.404570201671651,1.0,0.0,0.03224298480859938,5.1124116294,387.43097107325036,203,162,180,0.4882824201370687,2.5465593129361244,0.0,26.20108786300416,0.39010783792176756,real
4,21740000,21750000,0.4713624941322898,high,0.22543877585863573,0.17185141296607248,1.0,2.3991459627329195,1.0,0.0,0.035024392240643486,1.6803469016,387.43097107325036,202,161,179,0.49162295947984036,2.5435217391304348,0.0,26.35639527118157,0.2800139419933008,real
5,21750000,21760000,0.4337695773092651,high,0.21655660692394144,0.17974182551296053,1.0,2.3991459627329195,1.0,0.0,0.039393604860289484,3.8823967586,387.43097107325036,202,161,179,0.4840731158853502,2.5435217391304348,0.0,26.005390082949834,0.2844424457178365,real
6,21760000,21770000,0.48034101200460727,high,0.22080457620501887,0.15434900278538438,1.0,2.3991459627329195,1.0,0.0,0.041406293671498576,12.010626100400001,387.43097107325036,202,161,179,0.487683889774266,2.5435217391304348,0.0,26.173261159042866,0.3459716168968615,real
7,21770000,21780000,0.6088104293263366,high,0.23543175725699347,0.14039511957354528,1.0,2.3972088030059044,1.0,0.0,0.04337775110770145,2.1580943259999996,387.43097107325036,203,162,180,0.5001169936684444,2.5424369296833063,0.0,26.751297500864005,0.3840368939602272,real
8,21780000,21790000,0.5858155011780696,high,0.23569556382219897,0.13572834039014706,1.0,2.4039990911156557,1.0,0.0,0.04321494481321784,2.6024902232000002,387.43097107325036,204,163,181,0.5003412292488691,2.546239491024767,0.0,26.76172259790478,0.3838221657460992,real
9,21790000,21800000,0.5930538755417678,high,0.228119973807963,0.1425248840289394,1.0,2.415816703621582,1.0,0.0,0.03727752303463145,0.9615707071999999,387.43097107325036,206,165,183,0.4939019777367685,2.5528573540280854,0.0,26.46235074194661,0.3616302323894997,real
10,21800000,21810000,0.5871325676297642,high,0.23329830086432485,0.14287970159745209,1.0,2.415816703621582,1.0,0.0,0.0368334853765695,0.8998166831999999,387.43097107325036,206,165,183,0.4983035557346761,2.5528573540280854,0.0,26.666987658504695,0.41123496629779055,real
11,21810000,21820000,0.5606966912652933,high,0.22988791308952955,0.14318528532823985,1.0,2.415816703621582,1.0,0.0,0.037535270175103636,0.8827737034,387.43097107325036,206,165,183,0.4954047261261001,2.5528573540280854,0.0,26.532216094077512,0.3976124345689858,real
12,21820000,21830000,0.5257185665350511,high,0.21808398031741963,0.1416932496268421,1.0,2.415816703621582,1.0,0.0,0.037595911791319825,1.0476011896,387.43097107325036,206,165,183,0.48537138326980667,2.5528573540280854,0.0,26.065748762166557,0.36226834754085696,real
13,21830000,21840000,0.5267046695532318,high,0.22670903866776665,0.14373083648779783,1.0,2.415816703621582,1.0,0.0,0.03647878051002668,1.7720461010000002,387.43097107325036,206,165,183,0.49270268286760166,2.5528573540280854,0.0,26.40659346485488,0.3944991040303337,real
14,21840000,21850000,0.5660626401118413,high,0.212439501682782,0.14261810362250021,1.0,2.4400836880455956,1.0,0.0,0.030283838726050855,0.8043439232,387.43097107325036,208,167,185,0.4805735764303647,2.5664468653055335,0.0,25.84269048662733,0.3904503363122979,real
15,21850000,21860000,0.5666253805583172,high,0.2119629096646511,0.14313173599587664,1.0,2.4400836880455956,1.0,0.0,0.028989005097311917,0.7289332202,387.43097107325036,208,167,185,0.4801684732149534,2.5664468653055335,0.0,25.823856542771527,0.35087137833682974,real
16,21860000,21870000,0.5493859830551721,high,0.2094118853404012,0.1428457177602431,1.0,2.4400836880455956,1.0,0.0,0.02786735523157988,3.1408755068,387.43097107325036,208,167,185,0.478000102539341,2.5664468653055335,0.0,25.723045267991616,0.38081691674454377,real
17,21870000,21880000,0.42035485181322113,high,0.21173562614409916,0.14271737828216857,1.0,2.4400836880455956,1.0,0.0,0.028528908499322703,1.0506341488,387.43097107325036,208,167,185,0.47997528222248426,2.5664468653055335,0.0,25.814874761913735,0.2893754627004185,real
18,21880000,21890000,0.43006807465817243,high,0.21273828211702947,0.14265319290530895,1.0,2.4400836880455956,1.0,0.0,0.03516501544309,0.9287033186,387.43097107325036,208,167,185,0.480827539799475,2.5664468653055335,0.0,25.854497679592704,0.34838073890248716,real
19,21890000,21900000,0.37912998825607297,medium,0.20754890467137566,0.13938162130446494,1.0,2.4380524664955803,1.0,0.0,0.03650956184070224,0.7737777614,387.43097107325036,209,168,186,0.4764165689706693,2.5653093812375247,0.0,25.64942407420311,0.3001542179728416,real
20,21900000,21910000,0.37346343317183506,medium,0.20737536578935578,0.14002892125045918,1.0,2.4380524664955803,1.0,0.0,0.03570120815865851,0.7127478596,387.43097107325036,209,168,186,0.4762690609209524,2.5653093812375247,0.0,25.642566171769957,0.2938395023623762,real
21,21910000,21920000,0.39129429842942826,medium,0.2043585888381821,0.14170738278881628,1.0,2.4380524664955803,1.0,0.0,0.03622501379789487,0.9551044880000001,387.43097107325036,209,168,186,0.4737048005124548,2.5653093812375247,0.0,25.523349303752088,0.2860898330396531,real
22,21920000,21930000,0.46029595606266194,high,0.202287695670833,0.13949350006593592,1.0,2.4380524664955803,1.0,0.0,0.03622963560822098,2.7974766329999996,387.43097107325036,209,168,186,0.471944541320208,2.5653093812375247,0.0,25.441511832368953,0.37079462258528567,real
23,21930000,21940000,0.45473693913460644,high,0.20801778125419157,0.13443460740803148,1.0,2.4380524664955803,1.0,0.0,0.036434445066802566,1.3961947192,387.43097107325036,209,168,186,0.4768151140660628,2.5653093812375247,0.0,25.667953119802082,0.32725889119177853,real
24,21940000,21950000,0.444205237010296,high,0.194870452724689,0.1295617094622964,1.0,2.4437869822485205,1.0,0.0,0.03610900003135024,1.1445140851999998,387.43097107325036,211,169,188,0.4656398848159856,2.5685207100591714,0.0,25.148397529363248,0.3148322601392252,real
25,21950000,21960000,0.4410356211156155,high,0.18378395182924304,0.12894091234505387,1.0,2.4437869822485205,1.0,0.0,0.037354443226591594,0.7277795518,387.43097107325036,211,169,188,0.4562163590548566,2.5685207100591714,0.0,24.71028164097509,0.31585024193159933,real
26,21960000,21970000,0.47392211066106127,high,0.18950756474391275,0.12814818083916454,1.0,2.4437869822485205,1.0,0.0,0.03636947904326571,1.7506807070000001,387.43097107325036,211,169,188,0.4610814300323258,2.5685207100591714,0.0,24.936467141752033,0.35553811983102496,real
27,21970000,21980000,0.5865237994326136,high,0.178097485142374,0.12776227335558374,1.0,2.4485207100591717,1.0,0.0,0.027856158345807455,0.924112109,387.43097107325036,212,170,189,0.4513828623710179,2.571171597633136,0.0,24.485564083307214,0.39557284170396784,real
28,21980000,21990000,3.0941584352764666,high,0.1805012959338391,0.12796457576319442,1.0,2.4485207100591717,1.0,0.0,0.02775792777723468,0.8983504364,387.43097107325036,212,170,189,0.4534261015437632,2.571171597633136,0.0,24.58055777972701,0.9,real
29,21990000,22000000,3.1042540548604545,high,0.1966376778671088,0.12768312751073407,1.0,2.4485207100591717,1.0,0.0,0.025454474565187374,0.7454974366000001,387.43097107325036,212,170,189,0.4671420261870425,2.571171597633136,0.0,25.218234660172595,0.9,real
30,22000000,22010000,3.105786025982873,high,0.21072722290495965,0.1297736940677548,1.0,2.445407636738906,1.0,0.0,0.024142961066542932,0.6837297638,387.43097107325036,213,171,190,0.47911813946921566,2.5694282765737873,0.0,25.775024724004066,0.9,real
31,22010000,22020000,3.0860853298408264,high,0.21582313660848054,0.12693591705230806,1.0,2.451943584451324,1.0,0.0,0.022996635543298564,6.509465136599999,387.43097107325036,212,171,190,0.4834496661172084,2.573088407292741,0.0,25.976404833059448,0.9,real
32,22020000,22030000,3.0377418559034437,high,0.20231900081756077,0.12875612875086315,1.0,2.451943584451324,1.0,0.0,0.026632767807591825,0.9058193658,387.43097107325036,212,171,190,0.4719711506949267,2.573088407292741,0.0,25.44274894787538,0.9,real
33,22030000,22040000,3.0517125718515854,high,0.2012102415458211,0.12777162696765415,1.0,2.4575683394532843,1.0,0.0,0.026914416722287,0.7944581339999999,387.43097107325036,214,172,191,0.4710287053139479,2.576238270093839,0.0,25.39893304437905,0.9,real
34,22040000,22050000,3.017890494213119,high,0.19955423311515358,0.12875046512303695,1.0,2.4575683394532843,1.0,0.0,0.042387036662135814,0.5189807780000001,387.43097107325036,214,172,191,0.46962109814788056,2.576238270093839,0.0,25.33349097103035,0.9,real
35,22050000,22060000,3.089832685942241,high,0.047901092883159205,0.13073595408825006,0.9818548387096774,2.461431134143911,0.9886363636363636,0.0,0.04233089091961457,0.5146449064,387.43097107325036,217,176,194,0.3434377031442337,2.5784014351205897,0.0,19.467008339880458,0.9,real
36,22060000,22070000,3.0189522489466762,high,0.18867612119153093,0.1308031530192595,0.9818548387096774,2.461431134143911,0.9886363636363636,0.0,0.04142666813057181,0.8292741502000001,387.43097107325036,216,176,194,0.46309647720634967,2.5784014351205897,0.0,25.03015014375889,0.9,real
37,22070000,22080000,2.92261225403134,high,0.1857996378518369,0.13312701504169008,0.9818548387096774,2.461431134143911,0.9886363636363636,0.0,0.04172923111755176,0.45049061479999997,387.43097107325036,216,176,194,0.46065146636760973,2.5784014351205897,0.0,24.91647739293437,0.9,real
38,22080000,22090000,0.41544043590060803,high,0.18346387287085397,0.13393799629271994,0.9818548387096774,2.461431134143911,0.9886363636363636,0.0,0.05646664798097891,0.6705904203999999,387.43097107325036,216,176,194,0.4586660661337743,2.5784014351205897,0.0,24.824172728066703,0.29144173788950606,real
39,22090000,22100000,0.4090920488128577,high,0.18500951209649047,0.12926797614619315,0.9818548387096774,2.461431134143911,0.9886363636363636,0.0,0.07061038681178324,0.4367371012,387.43097107325036,216,176,194,0.4599798594755653,2.5784014351205897,0.0,24.885253235690662,0.33315460315988416,real
40,22100000,22110000,0.40758990388614025,high,0.20532114376609115,0.018941600653063686,0.9798387096774194,2.481038961038961,0.9887640449438202,0.0,0.07140527205985975,0.4144691932,387.43097107325036,219,178,196,0.4775471657495646,2.589381818181818,0.0,25.701987459155866,0.3353335866905594,real
41,22110000,22120000,0.3538704287071746,medium,0.21143228484258478,0.018940757073220824,0.9798387096774194,2.481038961038961,0.9887640449438202,0.0,0.07130009509724228,0.6871860317999999,387.43097107325036,219,178,196,0.48274163566458417,2.589381818181818,0.0,25.94348728196229,0.30784279953202565,real
42,22120000,22130000,0.3529540114113237,medium,0.2215565403250672,0.019061766382239307,0.9516129032258065,2.4849768875192604,0.9888268156424581,0.0,0.07005056390351515,0.4746697314,387.43097107325036,220,179,197,0.49558112379243613,2.591587057010786,0.0,26.540417124377147,0.27121631334586865,real
43,22130000,22140000,0.3426377768756778,medium,0.2135652890056429,0.018460077575952912,0.9657258064516129,2.4849768875192604,0.9888268156424581,0.0,0.06721407198944923,0.8803917012,387.43097107325036,221,179,197,0.4866716246870545,2.591587057010786,0.0,26.126199217556238,0.2940199504422727,real
44,22140000,22150000,0.3451037712500059,medium,0.21629546458140075,0.01922829393299513,0.9516129032258065,2.4849768875192604,0.9888268156424581,0.0,0.06937892791842015,0.4969130986,387.43097107325036,221,179,197,0.49110920941031966,2.591587057010786,0.0,26.33251014858277,0.2915420827742242,real
45,22150000,22160000,0.3206390815581769,medium,0.20203972544855503,0.019079754874438044,0.9657258064516129,2.4849768875192604,0.9888268156424581,0.0,0.06952346054763044,0.5528739793999999,387.43097107325036,221,179,197,0.4768748956635298,2.591587057010786,0.0,25.670732468885156,0.2848162905251411,real
46,22160000,22170000,0.32758929296220785,medium,0.19657768931965164,0.019370459084609687,0.9516129032258065,2.4849768875192604,0.9888268156424581,0.0,0.06941747781643869,0.696277067,387.43097107325036,221,179,197,0.4743491004378329,2.591587057010786,0.0,25.553303913242285,0.3071785805233288,real
47,22170000,22180000,0.31122359809426126,medium,0.2032787898317072,0.03882691297929564,0.9578313253012049,2.4939376626674283,0.9888888888888889,0.0,0.07026830165143587,0.5307615322,387.43097107325036,222,180,198,0.4791122725617704,2.5966050910937595,0.0,25.77475196140622,0.281197305700945,real
48,22180000,22190000,0.3120026528099775,medium,0.19042361165385643,0.041940875315343525,0.9578313253012049,2.4939376626674283,0.9888888888888889,0.0,0.03962717201783963,2.1999674794,387.43097107325036,222,180,198,0.46818537111059727,2.5966050910937595,0.0,25.266741556600255,0.2951684680161478,real
49,22190000,22200000,0.32675360431946954,medium,0.19529170191248765,0.032464126349023584,0.9578313253012049,2.4939376626674283,0.9888888888888889,0.0,0.04014496407266961,0.7262553371999999,387.43097107325036,222,180,198,0.4723232478304338,2.5966050910937595,0.0,25.459118548089975,0.28272881381245457,real
50,22200000,22210000,0.3249150972062021,medium,0.1925063651461116,0.02877547908118702,0.9578313253012049,2.4939376626674283,0.9888888888888889,0.0,0.043502582600160745,0.41347098839999996,387.43097107325036,222,180,198,0.4699557115790141,2.5966050910937595,0.0,25.34904772381734,0.28863962084318034,real
51,22210000,22220000,0.363282967554908,medium,0.2143779291320082,0.04613095888758245,0.9538152610441767,2.4989642834724752,0.988950276243094,0.0,0.04393344259577758,3.7580198554000006,387.43097107325036,223,181,199,0.4891489506055805,2.599419998744586,0.0,26.241374351909773,0.3142518337971194,real
52,22220000,22230000,0.5084971011560342,high,0.21687415313918154,0.046130181895494865,0.9538152610441767,2.4989642834724752,0.988950276243094,0.0,0.04268598845521008,0.7237789739999998,387.43097107325036,223,181,199,0.4912707410116778,2.599419998744586,0.0,26.34002003000355,0.30968416586674363,real
53,22230000,22240000,0.5295108016265628,high,0.21823115540189814,0.04197459264227621,0.9538152610441767,2.4989642834724752,0.988950276243094,0.0,0.02695423969575722,2.0859374652,387.43097107325036,223,181,199,0.4924241929349869,2.599419998744586,0.0,26.393645989851628,0.35221418415990613,real
54,22240000,22250000,0.5380814646834444,high,0.22149851200269335,0.04366714660712532,0.9538152610441767,2.4989642834724752,0.988950276243094,0.0,0.027469122834745015,0.7268740607999999,387.43097107325036,223,181,199,0.49520144604566285,2.599419998744586,0.0,26.522765254201875,0.3511214062445939,real
55,22250000,22260000,0.6017688757785811,high,0.22271264341819808,0.07429241621549054,0.9538152610441767,2.4989642834724752,0.988950276243094,0.0,0.027880039890530166,0.6617868104,387.43097107325036,223,181,199,0.49623345774884187,2.599419998744586,0.0,26.570745249760467,0.3715412148641322,real
56,22260000,22270000,0.7184455064379839,high,0.20264835826697558,0.08824022642504667,0.9678714859437751,2.4989642834724752,0.988950276243094,0.0,0.027335962168838455,1.6892915087999998,387.43097107325036,223,181,199,0.4770703816353629,2.599419998744586,0.0,25.679820947272976,0.429123935038393,real
57,22270000,22280000,0.730630837799563,high,0.20291319038324895,0.09729838828703187,0.9678714859437751,2.4989642834724752,0.988950276243094,0.0,0.031544490250305,0.40267987720000004,387.43097107325036,223,181,199,0.4772954889341953,2.599419998744586,0.0,25.690286571998854,0.48710057445685706,real
58,22280000,22290000,0.6994049392667463,high,0.2086298758068845,0.10519251104654033,0.9577464788732394,2.49528243327126,0.989010989010989,0.0,0.03164057993460174,0.5536221514,387.43097107325036,225,182,201,0.4836734226048659,2.5973581626319056,0.0,25.9868076562551,0.40378704223590123,real
59,22290000,22300000,0.6860324998683458,high,0.21646615304179725,0.104630162711763,0.9577464788732394,2.49528243327126,0.989010989010989,0.0,0.03178395215648058,0.35361677280000003,387.43097107325036,225,182,201,0.4903342582545417,2.5973581626319056,0.0,26.296481339124682,0.4534613505850827,real
60,22300000,22310000,0.6910642298683578,high,0.2098321877079898,0.11222923464523236,0.9798387096774194,2.5001841620626153,0.9890710382513661,0.0,0.03146046175993386,0.3332311994,387.43097107325036,226,183,202,0.4813815531001784,2.6001031307550644,0.0,25.880254708922184,0.375939598798869,real
61,22310000,22320000,0.6630825804126432,high,0.20986313528927206,0.1391377628495509,0.9678714859437751,2.4981482605791996,0.9891304347826086,0.0,0.03192302666132844,0.47662809720000004,387.43097107325036,227,184,203,0.48320294210431497,2.598963025924352,0.0,25.96493421019116,0.405186481265484,real
62,22320000,22330000,0.5069699860413579,high,0.20385878205716568,0.1643133531178178,0.9518072289156626,2.4981482605791996,0.9891304347826086,0.0,0.03171423290018056,0.8902117928000001,387.43097107325036,228,184,203,0.4805088804112414,2.598963025924352,0.0,25.83968265764571,0.35767058636969334,real
63,22330000,22340000,0.48459287889261005,high,0.20881996396336627,0.19390036868956623,0.9518072289156626,2.4981482605791996,0.9891304347826086,0.0,0.04388400870250655,1.6050774916000001,387.43097107325036,228,184,203,0.4847258850315119,2.598963025924352,0.0,26.035738441051926,0.3614238214978224,real
64,22340000,22350000,0.504648843398076,high,0.20535207825933585,0.2081070193072188,0.9518072289156626,2.4981482605791996,0.9891304347826086,0.0,0.04370299039634043,0.9322201877999999,387.43097107325036,228,184,203,0.4817781821830861,2.598963025924352,0.0,25.898694675811804,0.37319633475301606,real
65,22350000,22360000,0.3889129608517819,medium,0.20464645135750567,0.20731075243631739,0.9518072289156626,2.4981482605791996,0.9891304347826086,0.0,0.04453612125534049,0.5139317988000001,387.43097107325036,228,184,203,0.4811783993165304,2.598963025924352,0.0,25.87080974080107,0.32936560139671056,real
66,22360000,22370000,0.3028672233875798,medium,0.20628189860023358,0.22455819141150477,0.9518072289156626,2.4981482605791996,0.9891304347826086,0.0,0.06377333787816035,0.7068906326000001,387.43097107325036,229,184,203,0.4825685294728491,2.598963025924352,0.0,25.93543927796676,0.2606851371875788,real
67,22370000,22380000,0.2997385693334639,medium,0.20265420136182205,0.22556245780191894,0.9538152610441767,2.5117698343504795,0.9893617021276596,0.0,0.06466196970110077,0.43065546499999996,387.43097107325036,234,188,208,0.47918378200092226,2.6065911072362686,0.0,25.778076557980402,0.25602487395344853,real
68,22380000,22390000,0.3093074546063412,medium,0.22736863191960227,0.22214100681484866,0.9798792756539235,2.5161290322580645,0.9894179894179894,0.0,0.0668750038813146,0.7159800003999999,387.43097107325036,235,189,209,0.4962814457835734,2.609032258064516,0.0,26.57297629586798,0.2994622582802511,real
69,22390000,22400000,0.30599939100028367,medium,0.24399597851468385,0.2217208712974038,0.96579476861167,2.5161290322580645,0.9894179894179894,0.0,0.06539765637651816,0.8461583818000001,387.43097107325036,235,189,209,0.5125273664457307,2.609032258064516,0.0,27.328277034042213,0.266660626653665,real
70,22400000,22410000,0.2948609485833314,medium,0.239155582837787,0.2169265574805285,0.96579476861167,2.5161290322580645,0.9894179894179894,0.0,0.06393068486459677,0.35348029400000003,387.43097107325036,235,189,209,0.5084130301203684,2.609032258064516,0.0,27.136994475899364,0.22967378973319488,real
71,22410000,22420000,0.3247713610632369,medium,0.2485566846968117,0.21022553757092635,0.96579476861167,2.5161290322580645,0.9894179894179894,0.0,0.06368469629352094,0.9521490002,387.43097107325036,235,189,209,0.5164039667005393,2.609032258064516,0.0,27.50850683418421,0.24590992800519035,real
72,22420000,22430000,0.30838980216012046,medium,0.25085331912365744,0.1939619877647641,0.96579476861167,2.5161290322580645,0.9894179894179894,0.0,0.06378882707469216,0.438120521,387.43097107325036,235,189,209,0.5183561059633582,2.609032258064516,0.0,27.599265139415902,0.24577235228399985,real
73,22430000,22440000,0.3473641116363545,medium,0.24796955165374848,0.19150668855743108,0.96579476861167,2.5161290322580645,0.9894179894179894,0.0,0.05197235898726209,2.4942519770000002,387.43097107325036,235,189,209,0.5159049036139357,2.609032258064516,0.0,27.48530453463185,0.3038604669761547,real
74,22440000,22450000,0.38106898666818767,medium,0.24702562604167028,0.17076477588030045,0.96579476861167,2.5161290322580645,0.9894179894179894,0.0,0.04939087095997391,4.982121212400001,387.43097107325036,235,189,209,0.5151025668436692,2.609032258064516,0.0,27.448002520947995,0.30670036674939205,real
75,22450000,22460000,0.41786729078509266,high,0.24520208605603935,0.16956561223150168,0.96579476861167,2.5161290322580645,0.9894179894179894,0.0,0.04566386694645636,4.313243314199999,387.43097107325036,235,189,209,0.5135525578558829,2.609032258064516,0.0,27.375939942470755,0.3378614769360701,real
76,22460000,22470000,0.3939235718516543,medium,0.2613669171659196,0.17287200951329304,0.96579476861167,2.5161290322580645,0.9894179894179894,0.0,0.03577383766270922,5.9156333042,387.43097107325036,234,189,209,0.5272926642992811,2.609032258064516,0.0,28.014741076312628,0.2947518493505657,real
77,22470000,22480000,0.4082784679589996,high,0.2635836603493285,0.19224012588690545,0.96579476861167,2.5161290322580645,0.9894179894179894,0.0,0.03380128893362285,2.0945755254,387.43097107325036,234,189,209,0.5291768960051787,2.609032258064516,0.0,28.102342242657777,0.3180675779159013,real
78,22480000,22490000,0.39860147607050583,high,0.2646029792728656,0.19347639825319948,0.96579476861167,2.5161290322580645,0.9894179894179894,0.0,0.03297329134685388,2.8261317814,387.43097107325036,234,189,209,0.5300433170901852,2.609032258064516,0.0,28.14262364613646,0.32820830224722247,real
79,22490000,22500000,0.39407201437896416,high,0.2674665796736501,0.19449321591153648,0.96579476861167,2.5161290322580645,0.9894179894179894,0.0,0.03180117810066845,1.3366042488,387.43097107325036,234,189,209,0.5324773774308521,2.609032258064516,0.0,28.255787289508724,0.29834840955997854,real
80,22500000,22510000,0.4136280185810405,high,0.25984281489163147,0.21292331161555625,0.96579476861167,2.5161290322580645,0.9894179894179894,0.0,0.03157059172248359,0.6832975994000001,387.43097107325036,234,189,209,0.5259971773661362,2.609032258064516,0.0,27.954511665050102,0.3291544645591385,real
81,22510000,22520000,0.40243934722426805,high,0.2641679616096687,0.09180987447229318,0.96579476861167,2.5141739980449658,0.9894179894179894,0.0,0.03192928596172789,2.0573810438000004,387.43097107325036,235,189,210,0.5296735520764678,2.6079374389051804,0.0,28.125432635936452,0.2911179606577077,real
82,22520000,22530000,0.4155291336868377,high,0.2677340250448692,0.09481797766831598,0.9538152610441767,2.5108979947689627,0.9893617021276596,0.0,0.0320005443785381,1.0236887382,387.43097107325036,234,188,209,0.5345016321315124,2.6061028770706187,0.0,28.34989836523389,0.30532003807778296,real
83,22530000,22540000,0.36329835620719636,medium,0.26629064929389507,0.10255968716620316,0.9538152610441767,2.5108979947689627,0.9893617021276596,0.0,0.031388535313509824,3.0419961006,387.43097107325036,234,188,209,0.5332747627431843,2.6061028770706187,0.0,28.292859101413892,0.28386720566292867,real
84,22540000,22550000,0.3316371669911496,medium,0.26073865576126976,0.10536712916535118,0.9538152610441767,2.5117698343504795,0.9893617021276596,0.0,0.0135819477169143,1.3150646946,387.43097107325036,233,188,208,0.5285555682404528,2.6065911072362686,0.0,28.073455648348673,0.24677967742878865,real
85,22550000,22560000,0.2948560446400319,medium,0.25856820032046823,0.1043779444153538,0.9538152610441767,2.5117698343504795,0.9893617021276596,0.0,0.012327651509859022,0.5734777914,387.43097107325036,233,188,208,0.5267106811157715,2.6065911072362686,0.0,27.987683679120373,0.2825515922795802,real
86,22560000,22570000,0.2871427479991028,medium,0.26541784396899704,0.09504006147905353,0.9538152610441767,2.5117698343504795,0.9893617021276596,0.0,0.05566370326882774,1.2069337468,387.43097107325036,233,188,208,0.532532878217021,2.6065911072362686,0.0,28.25836761632641,0.2507750289935594,real
87,22570000,22580000,0.25789436677012195,low,0.26495334550646477,0.08917988038791475,0.9538152610441767,2.5117698343504795,0.9893617021276596,0.0,0.05701812163799124,10.179169456399999,387.43097107325036,233,188,208,0.5321380545238685,2.6065911072362686,0.0,28.240011585105517,0.2535325702698794,real
88,22580000,22590000,0.26107230009301996,medium,0.26215357795887634,0.09542073781238172,0.9698795180722891,2.5117698343504795,0.9893617021276596,0.0,0.05967352382757834,5.7655694753999995,387.43097107325036,233,188,208,0.5273486135542016,2.6065911072362686,0.0,28.017342253212387,0.26885131980438526,real
89,22590000,22600000,0.4190246235749391,high,0.26518477278988817,0.06038807152175538,0.9538152610441767,2.5117698343504795,0.9893617021276596,0.0,0.06161066200343072,2.485873479,387.43097107325036,234,188,208,0.5323347677147784,2.6065911072362686,0.0,28.24915711901477,0.33100578471087394,real
90,22600000,22610000,0.423741221811195,high,0.2648026581470562,0.06036581636217544,0.9578313253012049,2.5187445510026154,0.9893617021276596,0.0,0.062239887478925594,0.955200023,387.43097107325036,233,188,207,0.531407560629817,2.6104969485614644,0.0,28.206049670057258,0.3394580419936616,real
91,22610000,22620000,0.5058936524902771,high,0.30019864563912374,0.06539803569992167,0.9538152610441767,2.5108979947689627,0.9893617021276596,0.0,0.06546728763831632,2.972674667,387.43097107325036,235,188,209,0.5620965596366286,2.6061028770706187,0.0,29.63283391243427,0.34940289646082817,real
92,22620000,22630000,0.49014412311469807,high,0.300669411027739,0.06732364520317595,0.9698795180722891,2.5108979947689627,0.9893617021276596,0.0,0.06545130236001646,1.3352393708,387.43097107325036,235,188,209,0.5600870716627349,2.6061028770706187,0.0,29.539409367183985,0.33335869988455463,real
93,22630000,22640000,0.5314096786684093,high,0.3079131888977838,0.07016132318750096,0.9538152610441767,2.5108979947689627,0.9893617021276596,0.0,0.06605413116438802,3.3630838400000003,387.43097107325036,235,188,209,0.5686539214064897,2.6061028770706187,0.0,29.937696917015373,0.3601723251401717,real
94,22640000,22650000,0.5194521095995654,high,0.31207188375011646,0.06938163049550973,0.9698795180722891,2.5108979947689627,0.9893617021276596,0.0,0.06565065572595194,3.8795630654000006,387.43097107325036,235,188,209,0.5697791734767557,2.6061028770706187,0.0,29.99001181728961,0.3071608108210853,real
95,22650000,22660000,0.5224117934895014,high,0.29269492107124134,0.07269627546724236,0.96579476861167,2.5141739980449658,0.9894179894179894,0.0,0.06559074957324285,0.9054971698,387.43097107325036,236,189,210,0.5539214676188046,2.6079374389051804,0.0,29.252759851744816,0.31555134322310796,real
96,22660000,22670000,0.5168031261959402,high,0.2789451983879254,0.07153720232400655,0.96579476861167,2.5141739980449658,0.9894179894179894,0.0,0.038831402687165645,1.7442632677999999,387.43097107325036,236,189,210,0.542234203337986,2.6079374389051804,0.0,28.70939887380394,0.31704026210774405,real
97,22670000,22680000,0.5401999550456494,high,0.2592127448274783,0.07167091559166991,0.96579476861167,2.5141739980449658,0.9894179894179894,0.0,0.03262535791095577,2.675050315,387.43097107325036,236,189,210,0.5254616178116059,2.6079374389051804,0.0,27.9296125820566,0.3361625771902153,real
98,22680000,22690000,0.5429615605974826,high,0.28114572589853704,0.07088429239394073,0.9618473895582329,2.5178727114210986,0.9893617021276596,0.0,0.031724489077925744,5.2315594357999995,387.43097107325036,234,188,208,0.5446967585800215,2.610008718395815,0.0,28.823887294053147,0.3791778510406961,real
99,22690000,22700000,0.4730975570333887,high,0.28031136604094675,0.07246552280947552,0.9618473895582329,2.5178727114210986,0.9893617021276596,0.0,0.0239429680482259,3.0349825764,387.43097107325036,234,188,208,0.5439875527010698,2.610008718395815,0.0,28.790915095368373,0.3120746511525537,real
100,22700000,22710000,0.4495158737572109,high,0.278215473708929,0.0725402646667924,0.9618473895582329,2.5178727114210986,0.9893617021276596,0.0,0.02531825743281508,0.521678678,387.43097107325036,234,188,208,0.5422060442188547,2.610008718395815,0.0,28.708089708019592,0.3184614728817027,real
101,22710000,22720000,0.3421079504978353,medium,0.2761426771815361,0.07283561016102148,0.9618473895582329,2.5178727114210986,0.9893617021276596,0.0,0.024184666301094587,1.2010136597999999,387.43097107325036,234,188,208,0.5404441671705708,2.610008718395815,0.0,28.626177019732197,0.32582002913271607,real
102,22720000,22730000,0.3403391238100902,medium,0.2814163069133108,0.07350573417492706,0.9618473895582329,2.517175239755885,0.9893617021276596,0.0,0.026482766670300938,0.5500017182000001,387.43097107325036,235,188,209,0.5449267524425792,2.6096181342632954,0.0,28.834580103514536,0.2754477303921933,real
103,22730000,22740000,0.33951465643989087,medium,0.26422104798089735,0.0734045708131045,0.9618473895582329,2.517175239755885,0.9893617021276596,0.0,0.026396515028685192,1.3374509741999998,387.43097107325036,235,188,209,0.5303107823500277,2.6096181342632954,0.0,28.155058565178365,0.30793132962996894,real
104,22740000,22750000,0.3666284214750701,medium,0.28124984736657943,0.07369432213921628,0.9698189134808853,2.5128084606345475,0.9893048128342246,0.0,0.02719708071636663,0.7987964277999999,387.43097107325036,234,187,208,0.5435895332394597,2.6071727379553464,0.0,28.772410487386257,0.2686428381897317,real
105,22750000,22760000,0.5871328345878212,high,0.2834289870434284,0.07433406366067685,0.9618473895582329,2.5108398721301945,0.9893617021276596,0.0,0.027161625680830262,0.30816278939999997,387.43097107325036,235,188,209,0.5466375305531792,2.6060703283929088,0.0,28.914117114476216,0.37869000709909956,real
106,22760000,22770000,0.608519928955477,high,0.2836986412739321,0.07399797625913071,0.9657258064516129,2.513255205370349,0.9894736842105263,0.0,0.024137926118865106,3.400717084,387.43097107325036,237,190,211,0.5462849741151004,2.6074229150073953,0.0,28.897726160496653,0.36490730993487336,real
107,22770000,22780000,0.6556503458148827,high,0.2811258392552295,0.07280319259675558,0.9657258064516129,2.513255205370349,0.9894736842105263,0.0,0.029833937869103554,2.4128986932,387.43097107325036,237,190,211,0.5440980923992031,2.6074229150073953,0.0,28.796054275679165,0.4020891460489362,real
108,22780000,22790000,0.6608750074434084,high,0.2808126057515038,0.0728895731200086,0.9657258064516129,2.513255205370349,0.9894736842105263,0.0,0.030279480890863193,3.0775826842000003,387.43097107325036,237,190,211,0.5438318439210362,2.6074229150073953,0.0,28.783675926906007,0.43955924710108524,real
109,22790000,22800000,0.5805873961267591,high,0.2765203649799967,0.07357212901228746,0.9657258064516129,2.513255205370349,0.9894736842105263,0.0,0.034087636803288114,1.1026310752000001,387.43097107325036,237,190,211,0.5401834392652552,2.6074229150073953,0.0,28.61405533186712,0.3304153457549332,real
110,22800000,22810000,0.5931040098837059,high,0.2825064094957738,0.07397525224339632,0.9839034205231388,2.5099189235811625,0.9894179894179894,0.0,0.036648002372752245,0.49256919480000005,387.43097107325036,236,189,210,0.5425449349929369,2.605554597205451,0.0,28.723845321822445,0.4002743132598581,real
111,22810000,22820000,0.6007691489644199,high,0.26988893181876056,0.1437297358899732,0.9758551307847082,2.5099189235811625,0.9894179894179894,0.0,0.03648765537510646,1.3528188772,387.43097107325036,236,189,210,0.5330273224282401,2.605554597205451,0.0,28.281355176433706,0.3974397276557363,real
112,22820000,22830000,0.603279535520602,high,0.25978321200356963,0.1463302306989674,0.9758551307847082,2.5090564084871487,0.9894179894179894,0.0,0.03818086544131377,0.5446584314,387.43097107325036,237,189,211,0.5244374605853279,2.605071588752803,0.0,27.881997754611568,0.37348731553733694,real
113,22830000,22840000,0.5780583226330397,high,0.2641656786322637,0.14150668920136944,0.9839034205231388,2.5090564084871487,0.9894179894179894,0.0,0.03856722058779875,1.2069909346,387.43097107325036,237,189,211,0.5269553137589532,2.605071588752803,0.0,27.999057070620868,0.3378415934215622,real
114,22840000,22850000,0.5303728215014253,high,0.26571058427031163,0.14772505467502575,0.9758551307847082,2.5090564084871487,0.9894179894179894,0.0,0.037771920117593734,0.5927342847999999,387.43097107325036,238,189,211,0.5294757270120586,2.605071588752803,0.0,28.116235409119646,0.3643130138319862,real
115,22850000,22860000,0.29778236183913975,medium,0.25807193399468176,0.13699836895682607,0.9758551307847082,2.5090564084871487,0.9894179894179894,0.0,0.03785424806652267,0.31992146579999997,387.43097107325036,238,189,211,0.5229828742777732,2.605071588752803,0.0,27.81437154033408,0.25322816346374183,real
116,22860000,22870000,0.31252992230153376,medium,0.25936594661849,0.1663954286309318,0.9758551307847082,2.5090564084871487,0.9894179894179894,0.0,0.030707418413022842,1.2975338682,387.43097107325036,238,189,211,0.5240827850080102,2.605071588752803,0.0,27.865508278211227,0.28199225526125465,real
117,22870000,22880000,0.24632775889852304,low,0.26974765763105363,0.1677650609683276,0.9596774193548387,2.5124018659688248,0.9894736842105263,0.0,0.03219442677508392,0.6355697942,387.43097107325036,238,190,212,0.5353338960831697,2.6069450449425418,0.0,28.388591744951473,0.24918666792511251,real
118,22880000,22890000,0.23602990204021043,low,0.2691091749818276,0.168020478273244,0.9596774193548387,2.5124018659688248,0.9894736842105263,0.0,0.03436201010474342,3.7501754424,387.43097107325036,238,190,212,0.5347911858313277,2.6069450449425418,0.0,28.363360213765567,0.29246532755571164,real
119,22890000,22900000,0.24980445449239705,low,0.2685231428874448,0.16787567221525976,0.969758064516129,2.5124018659688248,0.9894736842105263,0.0,0.026995032133048668,3.8463542470000007,387.43097107325036,238,190,212,0.5327809617769087,2.6069450449425418,0.0,28.269901446868165,0.2427411129727681,real
120,22900000,22910000,0.2482400951671459,low,0.2639092539043829,0.167417488889124,0.9558232931726908,2.510469436001351,0.9895287958115183,0.0,0.034281859737394886,1.0062916482,387.43097107325036,239,191,213,0.5309493718428219,2.6058628841607563,0.0,28.18474768685561,0.2185911132882024,real
121,22910000,22920000,0.26466316497573744,medium,0.2709145414051065,0.12973622652409578,0.9558232931726908,2.510469436001351,0.9895287958115183,0.0,0.032388454360890086,2.8541629684,387.43097107325036,239,191,213,0.5369038662184369,2.6058628841607563,0.0,28.461582351438985,0.26124353503898445,real
122,22920000,22930000,0.2581697338656747,low,0.2734514247312385,0.1307688720201651,0.9517102615694165,2.5137287663603454,0.9895833333333334,0.0,0.03176001601270596,1.2063288314,387.43097107325036,240,192,214,0.5396771717861402,2.607688109161793,0.0,28.590518087740357,0.2598677940654228,real
123,22930000,22940000,0.2635794342410237,medium,0.2731487195857912,0.1257621873059978,0.9476861167002012,2.5137287663603454,0.9895833333333334,0.0,0.03174164712366978,7.024998711399999,387.43097107325036,240,192,214,0.5400234941428923,2.607688109161793,0.0,28.60661920857806,0.2962074009536225,real
124,22940000,22950000,0.28852287775543484,medium,0.2619337632743203,0.1320557118078453,0.9637826961770624,2.5137287663603454,0.9895833333333334,0.0,0.032766002732782865,4.8513167264,387.43097107325036,240,192,214,0.5280762943566129,2.607688109161793,0.0,28.051173382801533,0.2904624884796113,real
125,22950000,22960000,0.3004607298422683,medium,0.26565759941198236,0.13070422217663563,0.9517102615694165,2.5137287663603454,0.9895833333333334,0.0,0.033700619203837365,0.7775538916,387.43097107325036,240,192,214,0.5330524202647725,2.607688109161793,0.0,28.282522017935264,0.28089042371139256,real
126,22960000,22970000,0.28291733393564616,medium,0.2660557185197477,0.1265939063334817,0.9517102615694165,2.5137287663603454,0.9895833333333334,0.0,0.038958445040932384,2.5568031784,387.43097107325036,240,192,214,0.533390821506373,2.607688109161793,0.0,28.298254872532738,0.3070660203108453,real
127,22970000,22980000,0.30870412941977965,medium,0.2995306471026542,0.11966226145887696,0.9517102615694165,2.5137287663603454,0.9895833333333334,0.0,0.03465756054660293,0.5049409443999999,387.43097107325036,240,192,214,0.5618445108018435,2.607688109161793,0.0,29.621115729456026,0.2378187601382263,real
128,22980000,22990000,0.33430253694777046,medium,0.2994894041347237,0.11597361748777359,0.9517102615694165,2.5137287663603454,0.9895833333333334,0.0,0.03287588296438859,0.9669771626000001,387.43097107325036,240,192,214,0.5618094542791026,2.607688109161793,0.0,29.619485891538268,0.26452846879661573,real
129,22990000,23000000,0.32624867649973593,medium,0.3013977476564451,0.11736930137463998,0.9678068410462777,2.5137287663603454,0.9895833333333334,0.0,0.025688768706094742,0.44078090440000006,387.43097107325036,240,192,214,0.5610170593510367,2.607688109161793,0.0,29.582646091163785,0.2527021923577286,real
130,23000000,23010000,0.3153908018721837,medium,0.30118854011134755,0.11711421674957373,0.9517102615694165,2.5137287663603454,0.9895833333333334,0.0,0.02635253883944386,0.27247747120000004,387.43097107325036,240,192,214,0.5632537198592329,2.607688109161793,0.0,29.686632277481973,0.26446202665420043,real
131,23010000,23020000,0.2905713717269841,medium,0.29256715251948895,0.11852795950039138,0.9517102615694165,2.5137287663603454,0.9895833333333334,0.0,0.029766777530826422,0.6497683962,387.43097107325036,240,192,214,0.555925540406153,2.607688109161793,0.0,29.345932635677286,0.22492796426410439,real
132,23020000,23030000,0.4054340924277022,high,0.2945313645084827,0.11994533381953618,0.9517102615694165,2.5137287663603454,0.9895833333333334,0.0,0.03311141426851959,0.617513497,387.43097107325036,240,192,214,0.5575951205967977,2.607688109161793,0.0,29.423554284622817,0.33122816537551303,real
133,23030000,23040000,0.42715706941451115,high,0.2948132121321761,0.11763444019255886,0.9517102615694165,2.5137287663603454,0.9895833333333334,0.0,0.03336840241822631,2.73251854,387.43097107325036,240,192,214,0.5578346910769372,2.607688109161793,0.0,29.43469232747413,0.31419614685284125,real
134,23040000,23050000,0.391279614136231,medium,0.29305807793220773,0.11825940871780956,0.9517102615694165,2.5137287663603454,0.9895833333333334,0.0,0.032923781346262074,0.6329059748000001,387.43097107325036,240,192,214,0.556342827006964,2.607688109161793,0.0,29.36533300603345,0.2623876568194127,real
135,23050000,23060000,0.39712222543187925,high,0.29030200164332853,0.11381791366135738,0.9517102615694165,2.5137287663603454,0.9895833333333334,0.0,0.026950375316598125,0.302023938,387.43097107325036,240,192,214,0.5540001621614168,2.607688109161793,0.0,29.256418496112307,0.2783815177365255,real
136,23060000,23070000,0.37418940727456373,medium,0.2890264303027438,0.1157573104316424,0.9517102615694165,2.5137287663603454,0.9895833333333334,0.0,0.03100789639869127,0.3405133386,387.43097107325036,240,192,214,0.5529159265219197,2.607688109161793,0.0,29.206010520110397,0.3090811783333314,real
137,23070000,23080000,0.34893601191956153,medium,0.2823979883675361,0.13989791576915944,0.9618473895582329,2.510469436001351,0.9895287958115183,0.0,0.026674972595979386,0.33480056659999996,387.43097107325036,239,191,213,0.5457611816786707,2.6058628841607563,0.0,28.873374151022244,0.31471820180465604,real
138,23080000,23090000,0.3241392644642116,medium,0.29531176246302115,0.13619901427299833,0.9759036144578314,2.517883714521907,0.9896373056994818,0.0,0.026186966828159616,0.4832437477999999,387.43097107325036,241,193,215,0.5546294559248932,2.6100148801322676,0.0,29.285675443377187,0.3395576325364382,real
139,23090000,23100000,0.31399121940118085,medium,0.29981495303188166,0.13808430548600864,0.9698795180722891,2.517883714521907,0.9896373056994818,0.0,0.024117856834113667,0.5650565302,387.43097107325036,242,193,215,0.5593607823662561,2.6100148801322676,0.0,29.5056429310942,0.36301236174069224,real
140,23100000,23110000,0.3287400403729003,medium,0.3027369631160638,0.13721715463731143,0.9698795180722891,2.517883714521907,0.9896373056994818,0.0,0.02522498421172007,0.4926869139999999,387.43097107325036,241,193,215,0.5618444909378109,2.6100148801322676,0.0,29.62111480594305,0.29392829914743995,real
141,23110000,23120000,0.3605487348854307,medium,0.3074106798614699,0.11994338441849098,0.9698795180722891,2.517883714521907,0.9896373056994818,0.0,0.026441404119865005,0.7781477569999999,387.43097107325036,241,193,215,0.5658171501714061,2.6100148801322676,0.0,29.80581055289684,0.26453335035321635,real
142,23120000,23130000,0.25143461484355767,low,0.2742668231562705,0.10207169772750964,0.9698795180722891,2.517883714521907,0.9896373056994818,0.0,0.026165151395344366,1.2000408746,387.43097107325036,241,193,215,0.5376448719719866,2.6100148801322676,0.0,28.496032980879217,0.18661245751548378,real
143,23130000,23140000,0.26974323190973293,medium,0.2736009073862282,0.09255048431927887,0.9698795180722891,2.51275833562965,0.9896373056994818,0.0,0.025791881806301223,1.3876276322,387.43097107325036,241,193,215,0.5370788435674506,2.607144667952604,0.0,28.469717348748286,0.26592863663420824,real
144,23140000,23150000,0.29263303317415784,medium,0.27536416928283475,0.06418733805419456,0.9698795180722891,2.51275833562965,0.9896373056994818,0.0,0.02616781995486314,0.9672311727999998,387.43097107325036,241,193,215,0.5385776161795662,2.607144667952604,0.0,28.539397860171885,0.24266498041035336,real
145,23150000,23160000,0.2781595157259349,medium,0.2802453618143403,0.06704734359134303,0.9698795180722891,2.514301460457426,0.9896373056994818,0.0,0.02156611576185816,0.2224673964,387.43097107325036,240,193,214,0.5427266298313459,2.6080088178561587,0.0,28.732292626744503,0.24880308848498336,real
146,23160000,23170000,0.28903352556823225,medium,0.2819551809415144,0.07928990896801993,0.9698795180722891,2.514301460457426,0.9896373056994818,0.0,0.02054092242892461,0.5125386594,387.43097107325036,240,193,214,0.5441799760894439,2.6080088178561587,0.0,28.79986118899417,0.24725050625549866,real
147,23170000,23180000,0.2869930694321138,medium,0.27805349836133647,0.0874110457839176,0.9578313253012049,2.519197207678883,0.9896907216494846,0.0,0.022476522666681906,0.334790254,387.43097107325036,240,194,214,0.5426707748119552,2.610750436300174,0.0,28.729695831016283,0.260573501180354,real
148,23180000,23190000,0.2746071267800597,medium,0.2807096565597336,0.0762471286357554,0.9779116465863453,2.5144116836594104,0.9896373056994818,0.0,0.0248840350041002,0.42662992419999995,387.43097107325036,239,193,213,0.5419164610878218,2.6080705428492696,0.0,28.69462649118009,0.2918222576356532,real
149,23190000,23200000,0.3062204002819916,medium,0.2827814344259063,0.1132948763530856,0.9779116465863453,2.5144116836594104,0.9896373056994818,0.0,0.026974774614394,2.0434739002,387.43097107325036,239,193,213,0.5436774722740686,2.6080705428492696,0.0,28.776498924055108,0.277199617136157,real
150,23200000,23210000,0.29689243278653016,medium,0.2871833967449634,0.12610477083392574,0.9779116465863453,2.518597294938918,0.9896907216494846,0.0,0.032677970634537576,0.2949071934,387.43097107325036,240,194,214,0.547419140245267,2.6104144851657938,0.0,28.950455490716916,0.2639979280034514,real
151,23210000,23220000,0.26741451701750635,medium,0.28737337731825824,0.13307290938177357,0.9779116465863453,2.518597294938918,0.9896907216494846,0.0,0.032592597964461394,0.4521815352,387.43097107325036,240,194,214,0.5475806237325677,2.6104144851657938,0.0,28.957963135232575,0.2258961942222282,real
152,23220000,23230000,0.257353451953339,low,0.29165555522843556,0.13005716620704905,0.9779116465863453,2.518597294938918,0.9896907216494846,0.0,0.03667376927842267,0.4024278226,387.43097107325036,240,194,214,0.5512204749562184,2.6104144851657938,0.0,29.127186066529518,0.2027008924402049,real
153,23230000,23240000,0.20602107755229185,low,0.28215809422349963,0.12933655780344186,0.9779116465863453,2.518597294938918,0.9896907216494846,0.0,0.03953469928437206,0.5232984076,387.43097107325036,240,194,214,0.5431476331020229,2.6104144851657938,0.0,28.751865791462507,0.2178191937487168,real
154,23240000,23250000,0.18760905175140702,low,0.27804661939344005,0.1309749996126584,0.9678714859437751,2.518597294938918,0.9896907216494846,0.0,0.0388420962942605,0.6545477463999999,387.43097107325036,240,194,214,0.5411589035928578,2.6104144851657938,0.0,28.659406342869968,0.2234301441760132,real
155,23250000,23260000,0.18685002676992257,low,0.27938000137536545,0.1399624886487319,0.9678714859437751,2.518597294938918,0.9896907216494846,0.0,0.038974832318687716,0.18496072879999997,387.43097107325036,240,194,214,0.5422922782774944,2.6104144851657938,0.0,28.712098877428993,0.2777779081153655,real
156,23260000,23270000,0.1704524231105668,low,0.27607140291532006,0.14308626269224317,0.9678714859437751,2.518597294938918,0.9896907216494846,0.0,0.0422691190193169,7.9223052498,387.43097107325036,240,194,214,0.5394799695864558,2.6104144851657938,0.0,28.581349818973777,0.22208920488841327,real
157,23270000,23280000,0.16289761124719346,low,0.274538775668401,0.14190496794118682,0.9678714859437751,2.518597294938918,0.9896907216494846,0.0,0.04004121369171004,0.40537187780000006,387.43097107325036,240,194,214,0.5381772364265746,2.6104144851657938,0.0,28.520783518191926,0.2446412298295691,real
158,23280000,23290000,0.15901587908270404,low,0.27167411584939083,0.1399461001741095,0.9678714859437751,2.518597294938918,0.9896907216494846,0.0,0.04017231391294625,0.5612699101999999,387.43097107325036,240,194,214,0.535742275580416,2.6104144851657938,0.0,28.407578008773616,0.19862748367690705,real
159,23290000,23300000,0.12421734347963324,low,0.26797087353222976,0.14007932470342863,0.9678714859437751,2.518597294938918,0.9896907216494846,0.0,0.037965520245050836,0.7540643132,387.43097107325036,240,194,214,0.532594519610829,2.6104144851657938,0.0,28.26123343053377,0.16413862439934254,real
160,23300000,23310000,0.11996693055339228,low,0.28146478656521545,0.1401791097391432,0.9397590361445783,2.5166774611398965,0.9897435897435898,0.0,0.038649237514660144,0.191702501,387.43097107325036,242,195,215,0.5482812131587463,2.609339378238342,0.0,28.990534740237543,0.16903326935438576,real
161,23310000,23320000,0.11163739905950462,low,0.3064548334070248,0.1381263056316342,0.963855421686747,2.5166774611398965,0.9897435897435898,0.0,0.043458956844548174,0.5140408376,387.43097107325036,242,195,215,0.5659082951429589,2.609339378238342,0.0,29.810048039077298,0.17289817768772925,real
162,23320000,23330000,0.12326933564416025,low,0.30127094177280267,0.1375437031417798,0.963855421686747,2.5166774611398965,0.9897435897435898,0.0,0.04408937897395446,0.2822266012,387.43097107325036,242,195,215,0.5615019872538701,2.609339378238342,0.0,29.605191221759213,0.26316182623071904,real
163,23330000,23340000,0.12799848224325966,low,0.30748798911731884,0.1390971105869594,0.9497991967871486,2.5166774611398965,0.9897435897435898,0.0,0.05540096464440572,0.51392836,387.43097107325036,243,195,215,0.5688949112316487,2.609339378238342,0.0,29.948900947652987,0.1765577925205723,real
164,23340000,23350000,0.26063007365612534,low,0.30236882854223046,0.13885924131179314,0.963855421686747,2.5166774611398965,0.9897435897435898,0.0,0.055272429932452086,0.5865918626,387.43097107325036,243,195,215,0.5624351910078839,2.609339378238342,0.0,29.648577466154418,0.27940670557454045,real
165,23350000,23360000,0.2592384737903955,low,0.2731192140484765,0.13955922632230275,0.9497991967871486,2.5166774611398965,0.9897435897435898,0.0,0.0566643656224806,0.14659921159999997,387.43097107325036,243,195,215,0.5396814524231327,2.609339378238342,0.0,28.590717101901976,0.22660757417354743,real
166,23360000,23370000,0.2631824919537563,medium,0.27122979661086055,0.13928864042682812,0.9538152610441767,2.5150582901554404,0.9897435897435898,0.0,0.0566754618352609,0.421042642,387.43097107325036,244,195,216,0.5374730379626049,2.6084326424870463,0.0,28.488044122825038,0.28322018716772984,real
167,23370000,23380000,0.2644590745327228,medium,0.26997447238900607,0.13788652989656036,0.9497991967871486,2.5150582901554404,0.9897435897435898,0.0,0.05624654480384898,0.4055475117999999,387.43097107325036,244,195,216,0.5370084220125828,2.6084326424870463,0.0,28.466443329781853,0.267332158796265,real
168,23380000,23390000,0.2742894658524602,medium,0.25917564733307485,0.1357334033519961,0.963855421686747,2.5150582901554404,0.9897435897435898,0.0,0.05699052523975441,0.523723879,387.43097107325036,245,195,216,0.5257209869801015,2.6084326424870463,0.0,27.941671099914604,0.25501664941124136,real
169,23390000,23400000,0.2785962076741876,medium,0.2582478632738225,0.13668684294089745,0.9497991967871486,2.513385146804836,0.9897435897435898,0.0,0.056034434936397474,1.0202416401999999,387.43097107325036,246,195,217,0.5270408042646768,2.6074956822107076,0.0,28.00303167097887,0.26021560728561205,real
170,23400000,23410000,0.28864473774122773,medium,0.2600990911829498,0.1359843225876774,0.963855421686747,2.513385146804836,0.9897435897435898,0.0,0.05362444502825087,0.16686974280000003,387.43097107325036,246,195,217,0.5265059142524953,2.6074956822107076,0.0,27.97816371615845,0.2458142642336094,real
171,23410000,23420000,0.29157051042199,medium,0.2586452562659243,0.13880246328879822,0.9758064516129032,2.515517333475776,0.9897959183673469,0.0,0.0507078444034025,0.2561572274,387.43097107325036,249,196,220,0.5234775000841001,2.6086897067464343,0.0,27.83736754310965,0.2800103702132584,real
172,23420000,23430000,0.34185580679623956,medium,0.2635075025588928,0.13757860554003482,0.9639278557114228,2.513666402326196,0.9898477157360406,0.0,0.03330341744356425,0.22573400319999998,387.43097107325036,250,197,221,0.5293921988183454,2.6076531853026697,0.0,28.112352040015374,0.2730928183082724,real
173,23430000,23440000,0.34039834108633277,medium,0.26099670707676087,0.13909381099634824,0.9637826961770624,2.5175824175824175,0.98989898989899,0.0,0.033434054183102406,0.379911883,387.43097107325036,251,198,222,0.5272797965886874,2.6098461538461537,0.0,28.014142834359326,0.2493911635215157,real
174,23440000,23450000,0.22677713482726664,low,0.2537463203082272,0.1394619278612905,0.9639278557114228,2.514459423737774,0.9898477157360406,0.0,0.02345130429114322,0.9436997325999998,387.43097107325036,250,197,221,0.5210951939052796,2.6080972772931537,0.0,27.726610039559137,0.2023727267013181,real
175,23450000,23460000,0.2294567236110804,low,0.2561269635131218,0.14036053622510852,0.9639278557114228,2.514459423737774,0.9898477157360406,0.0,0.017761555232588582,0.1642598362,387.43097107325036,250,197,221,0.5231187406294401,2.6080972772931537,0.0,27.82068820024157,0.24696032697609574,real
176,23460000,23470000,0.2200266871943568,low,0.258997888046291,0.13880670004062093,0.9639278557114228,2.514459423737774,0.9898477157360406,0.0,0.017500989928772866,1.8359956372,387.43097107325036,250,197,221,0.5255590264826339,2.6080972772931537,0.0,27.934141278377474,0.2853834125700558,real
177,23470000,23480000,0.2229678183427694,low,0.2569580247693514,0.139848548977045,0.9639278557114228,2.514459423737774,0.9898477157360406,0.0,0.016350140769769296,0.4608172504,387.43097107325036,250,197,221,0.5238251426972352,2.6080972772931537,0.0,27.85353004493285,0.2439868757443109,real
178,23480000,23490000,0.21896093413436243,low,0.26123464298869126,0.13968886207135514,0.9778672032193159,2.5142857142857142,0.98989898989899,0.0,0.022122449541469646,0.5489301348000001,387.43097107325036,250,198,221,0.5253693660574902,2.6079999999999997,0.0,27.925323639654962,0.2340252238704485,real
179,23490000,23500000,0.2357038213897455,low,0.25726440226411923,0.13953901626448306,0.9637826961770624,2.512611198325484,0.98989898989899,0.0,0.022208816293488105,1.1159217888000001,387.43097107325036,252,198,222,0.524107337497942,2.6070622710622713,0.0,27.866649765613214,0.25285631274397447,real
180,23500000,23510000,0.22379969050789922,low,0.2588205200903462,0.12543286439700443,0.9637826961770624,2.512611198325484,0.98989898989899,0.0,0.02310030886415102,0.1157369328,387.43097107325036,252,198,222,0.5254300376502349,2.6070622710622713,0.0,27.9281443661462,0.2786999284543644,real
181,23510000,23520000,0.2969433196832364,medium,0.254919519177554,0.1278553106610111,0.9778672032193159,2.512611198325484,0.98989898989899,0.0,0.019520623045044233,0.17385305280000002,387.43097107325036,252,198,222,0.5200015108180235,2.6070622710622713,0.0,27.675762835494094,0.2753588029142102,real
182,23520000,23530000,0.273008082058542,medium,0.2571055184576791,0.12908033896580764,0.9637826961770624,2.512611198325484,0.98989898989899,0.0,0.019569097761257825,0.4935547886,387.43097107325036,252,198,222,0.5239722862624678,2.6070622710622713,0.0,27.860371001856684,0.24687541589840467,real
183,23530000,23540000,0.26269510103699295,medium,0.2541485136493021,0.13238414125224335,0.9637826961770624,2.512611198325484,0.98989898989899,0.0,0.0211516608886242,0.22196979560000002,387.43097107325036,252,198,222,0.5214588321753474,2.6070622710622713,0.0,27.74351620693015,0.28826670171659385,real
184,23540000,23550000,0.2380360367799006,low,0.26067625316519927,0.1378201807431457,0.9619238476953907,2.5093840867036743,0.9898477157360406,0.0,0.02132992787744427,1.3617860106,387.43097107325036,251,197,221,0.5272862380361107,2.605255088554057,0.0,28.01444230830697,0.2580771078658086,real
185,23550000,23560000,0.2737013052963828,medium,0.26105480799273956,0.13907554391967467,0.9619238476953907,2.5093840867036743,0.9898477157360406,0.0,0.02691274058929683,2.2303432846000004,387.43097107325036,251,197,221,0.5276080096395199,2.605255088554057,0.0,28.029402022479687,0.3055532018784329,real
186,23560000,23570000,0.4626928254631487,high,0.2548497191499078,0.13869760663218336,0.9619238476953907,2.5093840867036743,0.9898477157360406,0.0,0.025357941355157378,0.3190853976,387.43097107325036,251,197,221,0.522333684123113,2.605255088554057,0.0,27.784189575690327,0.3405741633019167,real
187,23570000,23580000,0.4781184852691672,high,0.24971015576399935,0.13863359928017002,0.9619238476953907,2.5093840867036743,0.9898477157360406,0.0,0.023980562227576014,0.2845863524,387.43097107325036,251,197,221,0.5179650552450908,2.605255088554057,0.0,27.581084520273837,0.3045133231560519,real
188,23580000,23590000,0.48383897289126115,high,0.25280664739277847,0.13935297018799755,0.9739478957915831,2.5093840867036743,0.9898477157360406,0.0,0.02847514499909912,0.498762539,387.43097107325036,251,197,221,0.5187934659151242,2.605255088554057,0.0,27.619598754314453,0.30249081317913457,real
189,23590000,23600000,0.46314532615398835,high,0.24889389916353252,0.13938920830511195,0.9637826961770624,2.5132914704343277,0.98989898989899,0.0,0.030544472237458972,2.668408056,387.43097107325036,252,198,222,0.5169924098624433,2.607443223443223,0.0,27.535864566860756,0.38478596842853285,real
190,23600000,23610000,0.46510160372702336,high,0.2594536609934961,0.14058536492138252,0.9637826961770624,2.5132914704343277,0.98989898989899,0.0,0.03129646063875981,0.1292914054,387.43097107325036,252,198,222,0.5259682074179124,2.607443223443223,0.0,27.953164802429427,0.38775061311430825,real
191,23610000,23620000,0.3891228982488254,medium,0.25884608062291176,0.13982261997182263,0.9778225806451613,2.519561093165154,0.99,0.0,0.030537111605608003,0.1435656056,387.43097107325036,254,200,224,0.5233457814327007,2.6109542121724862,0.0,27.83124371690723,0.30026358290105215,real
192,23620000,23630000,0.3515150683564966,medium,0.273961070344076,0.13970331629630076,0.9778225806451613,2.5064861816130852,0.99,0.0,0.03486696207272462,0.21150902340000002,387.43097107325036,257,200,227,0.5361935226956903,2.6036322617033276,0.0,28.42855726174139,0.279110407708519,real
193,23630000,23640000,0.35124987204771674,medium,0.2705278174539906,0.13867326620667217,0.9778225806451613,2.5064861816130852,0.99,0.0,0.03490218854477708,0.2062965004,387.43097107325036,257,200,227,0.5332752577391178,2.6036322617033276,0.0,28.29288211462451,0.33434327758635274,real
194,23640000,23650000,0.3497577696591149,medium,0.272164687715642,0.13855949434227846,0.9698795180722891,2.5032632342277013,0.9899497487437185,0.0,0.030315264788071564,0.20195717539999997,387.43097107325036,256,199,226,0.5358580568474524,2.6018274111675126,0.0,28.412960878620016,0.25669173740234136,real
195,23650000,23660000,0.3086371204126714,medium,0.27343220021440795,0.13873121520583348,0.9617706237424547,2.505075876504448,0.98989898989899,0.0,0.03116363005175676,0.079983724,387.43097107325036,255,198,225,0.5381517766208785,2.6028424908424905,0.0,28.519599848122624,0.24661303759639375,real
196,23660000,23670000,0.1188109882201421,low,0.2737854470419688,0.1391354384523713,0.9617706237424547,2.505075876504448,0.98989898989899,0.0,0.035396482225248695,0.1325436512,387.43097107325036,255,198,225,0.5384520364243052,2.6028424908424905,0.0,28.533559441788526,0.2168241991287282,real
197,23670000,23680000,0.11103070623560136,low,0.2746076265477465,0.13705040232452714,0.9617706237424547,2.505075876504448,0.98989898989899,0.0,0.02889824987903434,0.1832284194,387.43097107325036,255,198,225,0.5391508890042163,2.6028424908424905,0.0,28.566050297829165,0.18257412880845283,real
198,23680000,23690000,0.10217605140643268,low,0.27331956204234203,0.13895398143365884,0.9617706237424547,2.505075876504448,0.98989898989899,0.0,0.047649287923031816,0.252922902,387.43097107325036,255,198,225,0.5380560341746224,2.6028424908424905,0.0,28.515148617451516,0.19071676456097095,real
199,23690000,23700000,0.10363368575426486,low,0.28081383031763585,0.13696639014086637,0.9617706237424547,2.505075876504448,0.98989898989899,0.0,0.05572236781440575,0.4786930831999999,387.43097107325036,255,198,225,0.5444261622086222,2.6028424908424905,0.0,28.81130680426033,0.18655018734597056,real
200,23700000,23710000,0.10527283744629985,low,0.2793481862293409,0.13804903181387182,0.9738430583501007,2.505075876504448,0.98989898989899,0.0,0.05581233453137419,0.0791045054,387.43097107325036,255,198,225,0.5413694995424247,2.6028424908424905,0.0,28.669197310059342,0.20223637144248796,real
201,23710000,23720000,0.10302024012945057,low,0.269083247597974,0.13909445166539605,0.9738430583501007,2.505075876504448,0.98989898989899,0.0,0.054535374974581705,0.21635671880000001,387.43097107325036,255,198,225,0.5326443017057628,2.6028424908424905,0.0,28.26354788557964,0.23343255189119175,real
202,23720000,23730000,0.10244153070186213,low,0.26976566093982807,0.13960794661869178,0.9617706237424547,2.505075876504448,0.98989898989899,0.0,0.053965441212854195,3.0855303704,387.43097107325036,255,198,225,0.5350352182374856,2.6028424908424905,0.0,28.374705699216495,0.19369415948779722,real
203,23730000,23740000,0.09493449084732491,low,0.2793089669256765,0.13972180711391294,0.9617706237424547,2.505075876504448,0.98989898989899,0.0,0.05395255643991546,0.5716064139999999,387.43097107325036,255,198,225,0.5431470283254568,2.6028424908424905,0.0,28.75183767436183,0.2072919601372357,real
204,23740000,23750000,0.10147829339946704,low,0.2535212677063199,0.1405869407503772,0.9617706237424547,2.505075876504448,0.98989898989899,0.0,0.053397700454959576,2.4010444686,387.43097107325036,255,198,225,0.5212274839890036,2.6028424908424905,0.0,27.73276043263121,0.12908615432885615,real
205,23750000,23760000,0.11211733543845614,low,0.2575622114823945,0.14003133238256021,0.9617706237424547,2.505075876504448,0.98989898989899,0.0,0.05212427734315309,0.1075947822,387.43097107325036,255,198,225,0.5246622861986671,2.6028424908424905,0.0,27.89245028329534,0.1933853821174789,real
206,23760000,23770000,0.11681805287226991,low,0.2508082466478895,0.1410632298459797,0.9617706237424547,2.505075876504448,0.98989898989899,0.0,0.05173741585173898,0.14691579,387.43097107325036,255,198,225,0.5189214160893378,2.6028424908424905,0.0,27.625547377543803,0.17143031304012182,real
207,23770000,23780000,0.10584923878168281,low,0.2407382760509044,0.14278429902872697,0.9617706237424547,2.505075876504448,0.98989898989899,0.0,0.03688910341851273,0.2965216262,387.43097107325036,255,198,225,0.5103619410819005,2.6028424908424905,0.0,27.227602691862764,0.15577530369996428,real
208,23780000,23790000,0.11136271417800665,low,0.24149112506229123,0.14275540747144086,0.9617706237424547,2.505075876504448,0.98989898989899,0.0,0.03654422817685909,0.24803704120000006,387.43097107325036,255,198,225,0.5110018627415793,2.6028424908424905,0.0,27.257353748265185,0.16820051466334013,real
209,23790000,23800000,0.1508765406754994,low,0.25348582776980166,0.14221001468887282,0.9617706237424547,2.505075876504448,0.98989898989899,0.0,0.021357965205768457,1.9071922789999998,387.43097107325036,255,198,225,0.5211973600429631,2.6028424908424905,0.0,27.731359918671163,0.2003269130491754,real
210,23800000,23810000,0.1467477725110393,low,0.25151385998263853,0.1416693986136986,0.9617706237424547,2.505075876504448,0.98989898989899,0.0,0.024303700172217113,0.07717902119999999,387.43097107325036,255,198,225,0.5195211874238745,2.6028424908424905,0.0,27.65343177641118,0.2361761852750961,real
211,23810000,23820000,0.15297371550500027,low,0.25789015349124456,0.14095314304366308,0.9618473895582329,2.5082875789909873,0.9899497487437185,0.0,0.024331721419282092,0.1100479768,387.43097107325036,256,199,226,0.5249295220338229,2.6046410442349526,0.0,27.90487453598974,0.1713977046698132,real
212,23820000,23830000,0.2863267512585407,medium,0.2578499878934187,0.14279454825192273,0.9596774193548387,2.5082295031533612,0.99,0.0,0.024737482449512124,0.5505357942000001,387.43097107325036,256,200,226,0.5252208768061801,2.604608521765882,0.0,27.918420119475485,0.26544964528124876,real
213,23830000,23840000,0.28623921831232313,medium,0.25757484849644524,0.1416958170283017,0.9596774193548387,2.5082295031533612,0.99,0.0,0.024560661543875435,0.6174769468,387.43097107325036,256,200,226,0.5249870083187527,2.604608521765882,0.0,27.90754717205299,0.24997060432492188,real
214,23840000,23850000,0.30312165308722905,medium,0.25499222791865694,0.14150792681790056,0.9737903225806451,2.5082295031533612,0.99,0.0,0.02355831626799008,1.7836462701999998,387.43097107325036,256,200,226,0.5206748453437616,2.604608521765882,0.0,27.707067313393758,0.26141846840403277,real
215,23850000,23860000,0.2976369943634395,medium,0.25219197048165953,0.1352967545961525,0.9596774193548387,2.5082295031533612,0.99,0.0,0.03185233938223316,0.09200546539999999,387.43097107325036,256,200,226,0.5204115620061849,2.604608521765882,0.0,27.69482681909639,0.2991375325045139,real
216,23860000,23870000,0.2944427151529535,medium,0.2519806344398466,0.1359566377200122,0.9596774193548387,2.5082295031533612,0.99,0.0,0.03987326554542677,0.0885166694,387.43097107325036,256,200,226,0.5202319263706439,2.604608521765882,0.0,27.686475250050346,0.28392054917129916,real
217,23870000,23880000,0.3121857542872651,medium,0.24209017615865727,0.1404669592309618,0.9596774193548387,2.5082295031533612,0.99,0.0,0.04145160924618598,0.0960559886,387.43097107325036,256,200,226,0.5118250368316328,2.604608521765882,0.0,27.295624524713798,0.31499624493818834,real
218,23880000,23890000,0.30854050277142103,medium,0.24478857506269883,0.1418606665512064,0.9596774193548387,2.5082295031533612,0.99,0.0,0.04341182122450384,0.0665548332,387.43097107325036,256,200,226,0.5141186759000682,2.604608521765882,0.0,27.402259742102853,0.2687810307310714,real
219,23890000,23900000,0.2620147597715257,medium,0.24458679812222173,0.1401869723925151,0.9596774193548387,2.5082295031533612,0.99,0.0,0.03931954651260465,0.1134972106,387.43097107325036,256,200,226,0.5139471655006627,2.604608521765882,0.0,27.394285929231952,0.2339276255584892,real
220,23900000,23910000,0.2605852894334794,low,0.24289887316160874,0.1391981428039867,0.9779559118236473,2.5113446017968633,0.9900497512437811,0.0,0.04301960361904886,0.037961923,387.43097107325036,257,201,227,0.5097706554138203,2.6063529770062432,0.0,27.200112806194845,0.2475183512669768,real
221,23910000,23920000,0.2648437853093769,medium,0.2510522051466674,0.14499970539845838,0.9779559118236473,2.5113446017968633,0.9900497512437811,0.0,0.04400508421891542,0.04025674,387.43097107325036,256,201,227,0.5167009876011202,2.6063529770062432,0.0,27.522315845697136,0.2632124178618874,real
222,23920000,23930000,0.13252208296788645,low,0.24827750281039246,0.11569174550964512,0.9779559118236473,2.5113446017968633,0.9900497512437811,0.0,0.045227740423176,0.04645288560000001,387.43097107325036,256,201,227,0.5143424906152865,2.6063529770062432,0.0,27.412665272397753,0.2083060339407659,real
223,23930000,23940000,0.14638614014253504,low,0.24695295031460487,0.11244431889728947,0.9779559118236473,2.5129181259834525,0.9900497512437811,0.0,0.04525442848108994,0.034492512200000006,387.43097107325036,256,201,226,0.513216620993867,2.6072341505507333,0.0,27.360321661110344,0.176022813890013,real
224,23940000,23950000,0.12610717537155983,low,0.2419220928901361,0.11249993265418987,0.9779559118236473,2.5129181259834525,0.9900497512437811,0.0,0.0457588079292366,0.0452645384,387.43097107325036,256,201,226,0.5089403921830685,2.6072341505507333,0.0,27.161512443426453,0.20315756359746018,real
225,23950000,23960000,0.12898507273312348,low,0.24582289824607437,0.11222413896156787,0.9779559118236473,2.5129181259834525,0.9900497512437811,0.0,0.03417743362308445,0.10985882980000002,387.43097107325036,257,201,226,0.512256076735616,2.6072341505507333,0.0,27.31566430974238,0.20844087899741653,real
226,23960000,23970000,0.1258419750187543,low,0.24659622198637676,0.11318212587825803,0.9779559118236473,2.5129181259834525,0.9900497512437811,0.0,0.03309301283278991,0.3454474624,387.43097107325036,256,201,226,0.5129134019148731,2.6072341505507333,0.0,27.34622448564364,0.27586101113351935,real
227,23970000,23980000,0.10678134700946762,low,0.24762378760974102,0.1113405283589123,0.9778672032193159,2.517537688442211,0.9900990099009901,0.0,0.03306561149562688,0.2469861426,387.43097107325036,257,202,227,0.5138001389853825,2.6098211055276384,0.0,27.387450414161325,0.24901787714223717,real
228,23980000,23990000,0.10672281699278882,low,0.24542400563106537,0.14087448656440615,0.9759519038076152,2.5314344242306004,0.9902439024390244,0.0,0.0341331511997977,0.19400242139999999,387.43097107325036,260,205,230,0.5122176192152632,2.617603277569136,0.0,27.313876353607736,0.16709182628035094,real
229,23990000,24000000,0.11344338529661073,low,0.2497916886863943,0.14053569372387978,0.9759519038076152,2.5314344242306004,0.9902439024390244,0.0,0.02805850791050462,0.20608272419999998,387.43097107325036,260,205,230,0.5159301498122928,2.617603277569136,0.0,27.486478273729297,0.186755853272169,real
230,24000000,24010000,0.11299684163678828,low,0.2563188156831814,0.13548109481740633,0.9759519038076152,2.538116373213676,0.9902439024390244,0.0,0.03411281854287994,0.0368987032,387.43097107325036,260,205,230,0.5214782077595619,2.6213451689996585,0.0,27.74441701109903,0.15129547659960524,real
231,24010000,24020000,0.10506814072801232,low,0.2574644378775232,0.140538200809246,0.969939879759519,2.538116373213676,0.9902439024390244,0.0,0.03418632992879849,0.0409085176,387.43097107325036,260,205,230,0.5233537902319668,2.6213451689996585,0.0,27.831616059732454,0.17430604587230034,real
232,24020000,24030000,0.1027706044130418,low,0.2564008863567671,0.14163756588509135,0.969939879759519,2.538116373213676,0.9902439024390244,0.0,0.0325475920237447,0.0368346472,387.43097107325036,260,205,230,0.5224497714393243,2.6213451689996585,0.0,27.78958667428821,0.20057639187292692,real
233,24030000,24040000,0.08791895903540185,low,0.3018443781093197,0.12353402973060827,0.969939879759519,2.538116373213676,0.9902439024390244,0.0,0.030539862727031217,0.03384572699999999,387.43097107325036,260,205,230,0.5610767394289938,2.6213451689996585,0.0,29.585420720430573,0.22134319224080776,real
234,24040000,24050000,0.08381115422301723,low,0.3081093800947568,0.129082247967033,0.969939879759519,2.538116373213676,0.9902439024390244,0.0,0.03012952121594328,0.3441771394,387.43097107325036,260,205,230,0.5664019911166155,2.6213451689996585,0.0,29.833000812335946,0.16165194655689863,real
235,24050000,24060000,0.07365746061920933,low,0.3075884411025116,0.14078849722177006,0.969939879759519,2.538116373213676,0.9902439024390244,0.0,0.033079190663314245,0.025867145400000003,387.43097107325036,260,205,230,0.565959192973207,2.6213451689996585,0.0,29.812414366573115,0.15983859104564982,real
236,24060000,24070000,0.07466297735607581,low,0.30793163664494966,0.1412582838488756,0.9738955823293173,2.5408577223993047,0.9902912621359223,0.0,0.03837985622780453,0.0338405404,387.43097107325036,261,206,231,0.5656575537988097,2.6228803245436105,0.0,29.798390643583062,0.11544652005027066,real
237,24070000,24080000,0.0747596812683166,low,0.30390176940808716,0.14115564055144947,0.9738955823293173,2.5408577223993047,0.9902912621359223,0.0,0.036683688376187205,0.030182151199999997,387.43097107325036,261,206,231,0.5622321666474764,2.6228803245436105,0.0,29.639138515141916,0.17502389489097941,real
238,24080000,24090000,0.06949900593614042,low,0.3129338051930961,0.12569881229950391,0.9738955823293173,2.5408577223993047,0.9902912621359223,0.0,0.038410984738482236,0.0296020142,387.43097107325036,261,206,231,0.5699093970647341,2.6228803245436105,0.0,29.996066135427267,0.14592717001866928,real
239,24090000,24100000,0.06425820502542998,low,0.3113223413373066,0.12506903355322954,0.9738955823293173,2.5408577223993047,0.9902912621359223,0.0,0.03838304037912302,0.0546323314,387.43097107325036,261,206,231,0.5685396527873129,2.6228803245436105,0.0,29.932384372764464,0.15982009918918977,real
240,24100000,24110000,0.0635396729370468,low,0.31372309900637596,0.1282920570061599,0.9738955823293173,2.5408577223993047,0.9902912621359223,0.0,0.03612319894827239,0.034245068000000004,387.43097107325036,261,206,231,0.570580296806022,2.6228803245436105,0.0,30.027257416018458,0.14911004582979107,real
241,24110000,24120000,0.06301327577241544,low,0.31118474638221927,0.12139878604407302,0.9738955823293173,2.5408577223993047,0.9902912621359223,0.0,0.03910547454294693,0.067554877,387.43097107325036,261,206,231,0.5684226970754888,2.6228803245436105,0.0,29.926946900963912,0.17237743368138947,real
242,24120000,24130000,0.06226825927992365,low,0.31044778034667464,0.12056188990124102,0.9879518072289156,2.5408577223993047,0.9902912621359223,0.0,0.03900522127812943,0.0792014146,387.43097107325036,261,206,231,0.5656878422103361,2.6228803245436105,0.0,29.79979880382586,0.1221754519712705,real
243,24130000,24140000,0.06869749838787909,low,0.30884340573898816,0.12108162326410878,0.9737903225806451,2.5435198469631755,0.9903381642512077,0.0,0.042567864469760894,0.06718718679999999,387.43097107325036,262,207,232,0.5664483464910431,2.624371114299378,0.0,29.835155953263417,0.13346764199342193,real
244,24140000,24150000,0.0726025071802465,low,0.30643996716562116,0.12153735704465622,0.97,2.541700213118636,0.9903846153846154,0.0,0.04261216197546134,0.0981185604,387.43097107325036,263,208,233,0.564973972090778,2.623352119346436,0.0,29.766609756588988,0.24291841623294752,real
245,24150000,24160000,0.07540703846269545,low,0.30774814477433565,0.12160827006092603,0.97,2.541700213118636,0.9903846153846154,0.0,0.037769258418172774,0.049044071200000004,387.43097107325036,263,208,233,0.5660859230581852,2.623352119346436,0.0,29.818306265759595,0.14154013794685724,real
246,24160000,24170000,0.14757935177572307,low,0.31036353445585,0.12201716401425781,0.9859437751004017,2.5442990478870597,0.9904306220095693,0.0,0.028637275966803273,0.060868617,387.43097107325036,264,209,234,0.5659174380224122,2.624807466816753,0.0,29.810473107237097,0.17612817335665004,real
247,24170000,24180000,0.14655049380037005,low,0.31059002475611364,0.10860272906373351,0.9859437751004017,2.5442990478870597,0.9904306220095693,0.0,0.030502832623422595,0.07241843340000001,387.43097107325036,264,209,234,0.5661099547776363,2.624807466816753,0.0,29.819423541648018,0.26372760336978746,real
248,24180000,24190000,0.1512896677826246,low,0.3141672612591568,0.11149683531790948,0.9858870967741935,2.5492730953257268,0.990521327014218,0.0,0.03329930605887595,0.064998271,387.43097107325036,266,211,236,0.5691591075541541,2.627592933382407,0.0,29.961183888186856,0.2976678821902621,real
249,24190000,24200000,0.1522946904105043,low,0.3151298326872303,0.11223110925462566,0.9779116465863453,2.5550440081245767,0.9906103286384976,0.0,0.033201775295856016,0.1125033584,387.43097107325036,268,213,238,0.571173610796194,2.6308246445497625,0.0,30.054841601862105,0.17577087729944146,real
250,24200000,24210000,0.15153112502343713,low,0.3112268322967886,0.11184788448449064,0.9779116465863453,2.5550440081245767,0.9906103286384976,0.0,0.03266393022837692,0.0319541436,387.43097107325036,268,213,238,0.5678560604643185,2.6308246445497625,0.0,29.900602992262556,0.1995649813057339,real
251,24210000,24220000,0.14973569338092224,low,0.31473994301236513,0.10844499447435002,0.9779116465863453,2.5550440081245767,0.9906103286384976,0.0,0.026610444636825964,0.044496177000000005,387.43097107325036,268,213,238,0.5708422045725586,2.6308246445497625,0.0,30.039433957656968,0.2201409438805842,real
252,24220000,24230000,0.1517851202810866,low,0.3101095317522436,0.10943766073080248,0.9779116465863453,2.5550440081245767,0.9906103286384976,0.0,0.02607845084112176,0.0455794054,387.43097107325036,268,213,238,0.5669063550014553,2.6308246445497625,0.0,29.85644955509727,0.2625749774446024,real
253,24230000,24240000,0.14779918070881046,low,0.2645944918070565,0.10722402858447219,0.9899193548387096,2.555038898327819,0.9906542056074766,0.0,0.023071436844564565,0.1279762976,387.43097107325036,270,214,240,0.5264174148101916,2.6308217830635785,0.0,27.97404922517391,0.17951395993067706,real
254,24240000,24250000,0.14529112675194403,low,0.30374406652328356,0.10741487765408779,0.9899193548387096,2.555038898327819,0.9906542056074766,0.0,0.022986475671369216,0.1222849458,387.43097107325036,270,214,240,0.5596945533189845,2.6308217830635785,0.0,29.521160515613992,0.2007581153225143,real
255,24250000,24260000,0.14577533487726663,low,0.30358960997153617,0.11337310545387609,0.9899193548387096,2.555038898327819,0.9906542056074766,0.0,0.021174421276885395,0.030628204599999997,387.43097107325036,270,214,240,0.5595632652499992,2.6308217830635785,0.0,29.515056707927116,0.23163026123275895,real
256,24260000,24270000,0.10115349047862063,low,0.27094832812830205,0.1307443717512411,0.9899193548387096,2.555038898327819,0.9906542056074766,0.0,0.01677628330704133,0.037715107,387.43097107325036,271,214,240,0.5318181756832503,2.6308217830635785,0.0,28.225139868723936,0.2035043784254468,real
257,24270000,24280000,0.09946064679556556,low,0.2720844286026688,0.13094958383446445,0.9899193548387096,2.555038898327819,0.9906542056074766,0.0,0.01675275195544133,0.08637758420000001,387.43097107325036,271,214,240,0.5327838610864619,2.6308217830635785,0.0,28.27003624074604,0.17849957658132323,real
258,24280000,24290000,0.09347153614127277,low,0.22398871811745252,0.1317675048078223,0.9839357429718876,2.5533262467889095,0.9906976744186047,0.0,0.009297700211027424,0.19730893060000002,387.43097107325036,273,215,241,0.49280004895405155,2.629862698201789,0.0,26.41112018134562,0.18337392552102788,real
259,24290000,24300000,0.10533324401507452,low,0.22558902712133824,0.13207718322132522,0.9679358717434869,2.555526304242903,0.9907407407407407,0.0,0.009427481081033025,0.19703566339999998,387.43097107325036,274,216,242,0.4965602922916144,2.6310947303760255,0.0,26.585940348674864,0.15088642335493035,real
260,24300000,24310000,0.10814331299682944,low,0.22668572303277656,0.13265658175811848,0.9799599198396793,2.555526304242903,0.9907407407407407,0.0,0.009910161728382712,0.0410333734,387.43097107325036,274,216,242,0.49568887660190813,2.6310947303760255,0.0,26.545426737450303,0.18611211287949184,real
261,24310000,24320000,0.11428830866291295,low,0.22470343056136013,0.13354314191572514,0.9799599198396793,2.555526304242903,0.9907407407407407,0.0,0.009136144901316211,0.0845876722,387.43097107325036,274,216,242,0.4940039280012042,2.6310947303760255,0.0,26.46709058474079,0.18772369876489653,real
262,24320000,24330000,0.12109348246219424,low,0.2252312373754777,0.13329153876151875,0.9799599198396793,2.555438550304945,0.9907407407407407,0.0,0.006482235301993105,0.08624431080000002,387.43097107325036,275,216,243,0.4944525637932041,2.631045588170769,0.0,26.487948432807123,0.20540248967366537,real
